Geo Point,Geo Shape,Nom des sites,Nom des arrrêts
"47.2550989681329, -1.5236751155733","{""coordinates"": [-1.5236751155733, 47.2550989681329], ""type"": ""Point""}",Stade de la Beaujoire,Stade de la Beaujoire (NAN) - PSH-DEPOSE-MIN
"46.8131472488251, 1.75907818302591","{""coordinates"": [1.75907818302591, 46.8131472488251], ""type"": ""Point""}",Centre National de Tir de Chateauroux,Centre National de Tir de Châteauroux (CTX) - TS
"48.8337030982568, 2.28539994826649","{""coordinates"": [2.28539994826649, 48.8337030982568], ""type"": ""Point""}",Arena Paris Sud,Arena Paris Sud (SPA) - PFR-PARKING
"48.8501319799975, 2.30106178598758","{""coordinates"": [2.30106178598758, 48.8501319799975], ""type"": ""Point""}",Eiffel Champ-de-Mars,Arena Champ-de-Mars (CDM) ECM - PSH-DEPOSE-MIN
"48.9190117674656, 2.33562169671943","{""coordinates"": [2.33562169671943, 48.9190117674656], ""type"": ""Point""}",Village Olympique,Village Olympique (OLV) - PMR-Parking
"48.8941057625116, 2.22698475561999","{""coordinates"": [2.22698475561999, 48.8941057625116], ""type"": ""Point""}",Paris La Defense Arena,Paris La Défense Arena (DEF) - PMR-dépose-min
"48.8975466720037, 2.35911342541451","{""coordinates"": [2.35911342541451, 48.8975466720037], ""type"": ""Point""}",Arena Porte de La Chapelle,Arena Porte de La Chapelle (CPL) - P7LZ
"48.7914471529375, 1.96550847332136","{""coordinates"": [1.96550847332136, 48.7914471529375], ""type"": ""Point""}",Colline d'Elancourt,Colline d'Elancourt (ELA) - PFR-navettes
"48.8293410504898, 2.2932838210164","{""coordinates"": [2.2932838210164, 48.8293410504898], ""type"": ""Point""}",Arena Paris Sud,Arena Paris Sud (SPA) - PFR-PARKING
"46.8132086717292, 1.75823470090672","{""coordinates"": [1.75823470090672, 46.8132086717292], ""type"": ""Point""}",Tir Chateauroux - Village,Centre National de Tir de Châteauroux (CTX) - PSH-DEPOSE-MIN
"48.8454497631483, 2.25348315207311","{""coordinates"": [2.25348315207311, 48.8454497631483], ""type"": ""Point""}",Stade Roland-Garros,Stade Roland-Garros (RGA) - PFR-PARKING
"48.8695691672167, 2.31146151016662","{""coordinates"": [2.31146151016662, 48.8695691672167], ""type"": ""Point""}",Grand Palais-Pont Alexandre III,Grand Palais-Pont Alexandre III (GRX) - PMR-Parking
"43.7074849373233, 7.19347637411567","{""coordinates"": [7.19347637411567, 43.7074849373233], ""type"": ""Point""}",Stade de Nice,
"48.9329689950851, 2.41561986246249","{""coordinates"": [2.41561986246249, 48.9329689950851], ""type"": ""Point""}",Site d'escalade du Bourget,
"46.8205241870983, 1.75826809271894","{""coordinates"": [1.75826809271894, 46.8205241870983], ""type"": ""Point""}",Centre de Tir de Chateauroux,Centre National de Tir de Châteauroux (CTX) - WKF
"48.8641870123136, 2.64066074946286","{""coordinates"": [2.64066074946286, 48.8641870123136], ""type"": ""Point""}",Stade Nautique de Vaires-sur-Marne,
"48.8807417870003, 2.35728616069692","{""coordinates"": [2.35728616069692, 48.8807417870003], ""type"": ""Point""}",PARIS GARE DU NORD Gare routiere,PARIS GARE DU NORD Gare routière PFR-navettes
"48.8722966851281, 2.31454990739444","{""coordinates"": [2.31454990739444, 48.8722966851281], ""type"": ""Point""}",LCO BRC,Invalides (INV) - P7LZ
"48.862097413884, 2.30932743464844","{""coordinates"": [2.30932743464844, 48.862097413884], ""type"": ""Point""}",Invalides,Invalides (INV) - PFR-navettes
"48.8688851651915, 2.32351024206833","{""coordinates"": [2.32351024206833, 48.8688851651915], ""type"": ""Point""}",La Concorde,La Concorde (LCO) - PFR-navettes
"48.7523893797715, 2.06846775581832","{""coordinates"": [2.06846775581832, 48.7523893797715], ""type"": ""Point""}",Le Golf National,Le Golf National (LGN) - TS
"48.8330568148669, 2.28656629657687","{""coordinates"": [2.28656629657687, 48.8330568148669], ""type"": ""Point""}",Arena Paris Sud 1 4,Arena Paris Sud 1 (SP1) SP4 - PFR-navettes
"48.8490356387457, 2.25775565185379","{""coordinates"": [2.25775565185379, 48.8490356387457], ""type"": ""Point""}",Stade Roland-Garros - Parc des Princes,Stade Roland-Garros (RGA) PDP - TS
"43.2697376022418, 5.40006851914492","{""coordinates"": [5.40006851914492, 43.2697376022418], ""type"": ""Point""}",Stade de Marseille,Stade de Marseille (MRS) - PFR-navettes
"48.850484899962, 2.30232432230533","{""coordinates"": [2.30232432230533, 48.850484899962], ""type"": ""Point""}",Arena Champ-de-Mars,Arena Champ-de-Mars (CDM) - PFR-navettes
"48.8366074010126, 2.38371346391422","{""coordinates"": [2.38371346391422, 48.8366074010126], ""type"": ""Point""}",Arena Bercy,Arena Bercy (BCY) - PFR-PARKING
"48.9247330031411, 2.35480087174455","{""coordinates"": [2.35480087174455, 48.9247330031411], ""type"": ""Point""}",Centre Aquatique,Centre Aquatique (AQC) - PSH-DEPOSE-MIN
"48.8454306989506, 2.25354001543061","{""coordinates"": [2.25354001543061, 48.8454306989506], ""type"": ""Point""}",Stade Roland-Garros,Stade Roland-Garros (RGA) - PMR-Parking
"50.6099708104673, 3.13015394354513","{""coordinates"": [3.13015394354513, 50.6099708104673], ""type"": ""Point""}",Stade Pierre Mauroy,
"44.8998404672792, -0.560647953518771","{""coordinates"": [-0.560647953518771, 44.8998404672792], ""type"": ""Point""}",Stade de Bordeaux,
"48.8428856448987, 2.3658886273877","{""coordinates"": [2.3658886273877, 48.8428856448987], ""type"": ""Point""}",PARIS AUSTERLITZ Sortie Cour Seine,PARIS AUSTERLITZ Sortie Cour Seine PFR-navettes
"43.2613423811055, 5.37460240912415","{""coordinates"": [5.37460240912415, 43.2613423811055], ""type"": ""Point""}",Marina de Marseille,Marina de Marseille (MAM) - PSH-DEPOSE-MIN
"44.8991210299588, -0.561738653800775","{""coordinates"": [-0.561738653800775, 44.8991210299588], ""type"": ""Point""}",Stade de Bordeaux,Stade de Bordeaux (BOR) - PSH-DEPOSE-MIN
"48.8181355917539, 2.08421363273087","{""coordinates"": [2.08421363273087, 48.8181355917539], ""type"": ""Point""}",Chateau de Versailles,Château de Versailles (VER) VER VER - PFR-navettes
"48.7892434078688, 2.03286763070314","{""coordinates"": [2.03286763070314, 48.7892434078688], ""type"": ""Point""}",Velopark de St-Q.-en-Yvelines,Velopark de Saint-Quentin-en-Yvelines (VEL) - PFR-navettes
"48.9257521972527, 2.24785538109127","{""coordinates"": [2.24785538109127, 48.9257521972527], ""type"": ""Point""}",Stade Yves-du-Manoir,Stade Yves-du-Manoir (YDM) - PFR-PARKING
"48.8647197931186, 2.64390197711707","{""coordinates"": [2.64390197711707, 48.8647197931186], ""type"": ""Point""}",Stade Nautique de Vaires-sur-Marne,Stade Nautique de Vaires-sur-Marne (VNS) - PFR-navettes
"46.8259811477908, 1.75971665432588","{""coordinates"": [1.75971665432588, 46.8259811477908], ""type"": ""Point""}",PESI,Village Olympique Châteauroux (OVC) - PFR-navettes
"48.8619445344819, 2.30962387996546","{""coordinates"": [2.30962387996546, 48.8619445344819], ""type"": ""Point""}",Invalides,Invalides (INV) - PSH-DEPOSE-MIN
"46.826276371884, 1.75692437870744","{""coordinates"": [1.75692437870744, 46.826276371884], ""type"": ""Point""}",PESI,Village Olympique Châteauroux (OVC) - PFR-navettes
"48.7909020582603, 1.96661321337293","{""coordinates"": [1.96661321337293, 48.7909020582603], ""type"": ""Point""}",Colline d'Elancourt,Colline d'Elancourt (ELA) - PMR-Parking
"48.8991376740722, 2.36624549594075","{""coordinates"": [2.36624549594075, 48.8991376740722], ""type"": ""Point""}",Arena Porte de La Chapelle,Arena Porte de La Chapelle (CPL) - PMR-Parking
"48.8944304460963, 2.22590677638072","{""coordinates"": [2.22590677638072, 48.8944304460963], ""type"": ""Point""}",Paris La Defense Arena,Paris La Défense Arena (DEF) - PMR-Parking
"45.7707103817114, 4.98248422897261","{""coordinates"": [4.98248422897261, 45.7707103817114], ""type"": ""Point""}",Stade de Lyon,
"48.844695330988, 2.37271105767071","{""coordinates"": [2.37271105767071, 48.844695330988], ""type"": ""Point""}",Gare de Lyon  1 Tr de l'Horloge,PARIS GARE DE LYON Hall 1 sortie Tour de l'Horloge PFR-navettes
"48.8769480015337, 2.32689112945171","{""coordinates"": [2.32689112945171, 48.8769480015337], ""type"": ""Point""}",Paris St-Lazarre rue d'Amsterdam,PARIS SAINT-LAZARE Sortie rue d'Amsterdam PFR-navettes
"48.7777891518206, 2.02422466420999","{""coordinates"": [2.02422466420999, 48.7777891518206], ""type"": ""Point""}",KYRIAD HOTEL,
"48.8549043749656, 2.29587838462734","{""coordinates"": [2.29587838462734, 48.8549043749656], ""type"": ""Point""}",Eiffel Champ-de-Mars,Stade Tour Eiffel (EIF) ECM - PFR-PARKING
"45.4597111488134, 4.38808067319616","{""coordinates"": [4.38808067319616, 45.4597111488134], ""type"": ""Point""}",Stade Geoffroy-Guichard,Stade Geoffroy-Guichard (STE) - PSH-DEPOSE-MIN
"48.7553110022948, 2.07072912890049","{""coordinates"": [2.07072912890049, 48.7553110022948], ""type"": ""Point""}",Le Golf National,Venue_code_1 is unknown ( ) - OHE
"48.7916553329234, 1.96566345875902","{""coordinates"": [1.96566345875902, 48.7916553329234], ""type"": ""Point""}",Colline d'Elancourt,Colline d'Elancourt (ELA) - PSH-DEPOSE-MIN
"48.7877963194415, 2.04119589992743","{""coordinates"": [2.04119589992743, 48.7877963194415], ""type"": ""Point""}",Velopark de St-Q.-en-Yvelines,Velopark de Saint-Quentin-en-Yvelines (VEL) - PFR-PARKING
"45.7626372371307, 4.98280096187358","{""coordinates"": [4.98280096187358, 45.7626372371307], ""type"": ""Point""}",Stade de Lyon,Stade de Lyon (LYO) - TS
"48.7956084718025, 2.1336579399297","{""coordinates"": [2.1336579399297, 48.7956084718025], ""type"": ""Point""}",Chateau de Versailles,Château de Versailles (VER) - TS
"45.7657431979058, 4.97827227694692","{""coordinates"": [4.97827227694692, 45.7657431979058], ""type"": ""Point""}",Stade de Lyon,Stade de Lyon (LYO) - PFR-navettes
"48.9349840069338, 2.41795498507855","{""coordinates"": [2.41795498507855, 48.9349840069338], ""type"": ""Point""}",Site d'escalade du Bourget,Site d'escalade du Bourget (LBO) - PFR-navettes
"48.8594606746088, 2.28737784089275","{""coordinates"": [2.28737784089275, 48.8594606746088], ""type"": ""Point""}",Trocadéro - Parc des champions,Trocadero (TRO) - PMR-Parking
"48.925603097701, 2.24734678821508","{""coordinates"": [2.24734678821508, 48.925603097701], ""type"": ""Point""}",Stade Yves-du-Manoir,Stade Yves-du-Manoir (YDM) - PMR-dépose-min
"48.8621076666964, 2.64943731811991","{""coordinates"": [2.64943731811991, 48.8621076666964], ""type"": ""Point""}",Stade Nautique de Vaires-sur-Marne,
"48.9069152637405, 2.53549838065872","{""coordinates"": [2.53549838065872, 48.9069152637405], ""type"": ""Point""}",Clichy-sous-Bois,
"48.9190281221348, 2.33560808012215","{""coordinates"": [2.33560808012215, 48.9190281221348], ""type"": ""Point""}",Village Olympique,
"48.8722966851281, 2.31454990739444","{""coordinates"": [2.31454990739444, 48.8722966851281], ""type"": ""Point""}",LCO BRC,Grand Palais-Pont Alexandre III (GRX) GRP ALX - P7LZ
"43.2623389732935, 5.37536852473779","{""coordinates"": [5.37536852473779, 43.2623389732935], ""type"": ""Point""}",Marina de Marseille,Marina de Marseille (MAM) - TS
"48.7909020582603, 1.96661321337293","{""coordinates"": [1.96661321337293, 48.7909020582603], ""type"": ""Point""}",Colline d'Elancourt,Colline d'Elancourt (ELA) - PFR-PARKING
"43.7074114238953, 7.19343059507049","{""coordinates"": [7.19343059507049, 43.7074114238953], ""type"": ""Point""}",Stade de Nice,Stade de Nice (NIC) - PFR-PARKING
"48.9229737442027, 2.36539769561998","{""coordinates"": [2.36539769561998, 48.9229737442027], ""type"": ""Point""}",Stade de France,Stade de France (STA) - PFR-navettes
"48.8554701471699, 2.29431761931336","{""coordinates"": [2.29431761931336, 48.8554701471699], ""type"": ""Point""}",Eiffel,Eiffel (Eif) - PFR-navettes
"46.796152471331, 1.71197814454535","{""coordinates"": [1.71197814454535, 46.796152471331], ""type"": ""Point""}",Village Olympique Chateauroux,Village Olympique Châteauroux (OVC) - PSH-DEPOSE-MIN
"48.8644271429249, 2.64310704085415","{""coordinates"": [2.64310704085415, 48.8644271429249], ""type"": ""Point""}",Stade Nautique de Vaires-sur-Marne,Stade Nautique de Vaires-sur-Marne (VNS) - TS
"48.8406530737335, 2.25527559559381","{""coordinates"": [2.25527559559381, 48.8406530737335], ""type"": ""Point""}",Parc des Princes,Parc des Princes (PDP) - PMR-Parking
"44.8997150718712, -0.560250986198078","{""coordinates"": [-0.560250986198078, 44.8997150718712], ""type"": ""Point""}",Stade de Bordeaux,
"45.7622643651673, 4.98403320867883","{""coordinates"": [4.98403320867883, 45.7622643651673], ""type"": ""Point""}",Stade de Lyon,
"48.926337254914, 2.36148582001907","{""coordinates"": [2.36148582001907, 48.926337254914], ""type"": ""Point""}",Stade de France,Stade de France (STA) - PFR-PARKING
"45.7658791407583, 4.97833315397708","{""coordinates"": [4.97833315397708, 45.7658791407583], ""type"": ""Point""}",Stade de Lyon,Stade de Lyon (LYO) - PSH-DEPOSE-MIN
"48.8686141362006, 2.62175726029854","{""coordinates"": [2.62175726029854, 48.8686141362006], ""type"": ""Point""}",Stade Nautique de Vaires-sur-Marne,Stade Nautique de Vaires-sur-Marne (VNS) - TS
"48.7899927569756, 1.97190657930377","{""coordinates"": [1.97190657930377, 48.7899927569756], ""type"": ""Point""}",Colline d'Elancourt,Colline d'Elancourt (ELA) - TS
"48.7863268659244, 2.04806839103665","{""coordinates"": [2.04806839103665, 48.7863268659244], ""type"": ""Point""}",Gare Routiere St-Quentin en Yvelines,Gare Routière St-Quentin en Yvelines (SQY) - TS
"48.8368029631505, 2.38428692413708","{""coordinates"": [2.38428692413708, 48.8368029631505], ""type"": ""Point""}",Arena Bercy,Arena Bercy (BCY) - PFR-PARKING
"48.8644271429249, 2.64310704085415","{""coordinates"": [2.64310704085415, 48.8644271429249], ""type"": ""Point""}",Stade Nautique de Vaires-sur-Marne,Stade Nautique de Vaires-sur-Marne (VNS) - TS
"48.8616386065927, 2.30965356225195","{""coordinates"": [2.30965356225195, 48.8616386065927], ""type"": ""Point""}",Invalides,Invalides (INV) - PFR-PARKING
"48.9303468987299, 2.24211831029219","{""coordinates"": [2.24211831029219, 48.9303468987299], ""type"": ""Point""}",Stade Yves-du-Manoir,Stade Yves-du-Manoir (YDM) - WORKFORCE
"48.8185691901848, 2.08491225522228","{""coordinates"": [2.08491225522228, 48.8185691901848], ""type"": ""Point""}",Chateau de Versailles,Château de Versailles (VER) - PMR-Parking
"48.8616386065927, 2.30965356225195","{""coordinates"": [2.30965356225195, 48.8616386065927], ""type"": ""Point""}",Invalides,Invalides (INV) - PMR-Parking
"48.8993139193684, 2.36595847522431","{""coordinates"": [2.36595847522431, 48.8993139193684], ""type"": ""Point""}",Arena Porte de La Chapelle,Arena Porte de la Chapelle (CPL) - PMR-dépose-min
"48.8463776087832, 2.24741776680061","{""coordinates"": [2.24741776680061, 48.8463776087832], ""type"": ""Point""}",Stade Roland-Garros,Stade Roland-Garros (RGA) - PFR-navettes
"48.8489870269714, 2.24207324091604","{""coordinates"": [2.24207324091604, 48.8489870269714], ""type"": ""Point""}",Stade Roland-Garros,Stade Roland-Garros (RGA) - TS
"48.8000714557814, 2.12854296683793","{""coordinates"": [2.12854296683793, 48.8000714557814], ""type"": ""Point""}",Chateau de Versailles,Château de Versailles (VER) - TS
"47.2549877755049, -1.52352548499304","{""coordinates"": [-1.52352548499304, 47.2549877755049], ""type"": ""Point""}",Stade de la Beaujoire,Stade de la Beaujoire (NAN) - PFR-PARKING
"48.973192091893, 2.51533685781479","{""coordinates"": [2.51533685781479, 48.973192091893], ""type"": ""Point""}",Arena Paris Nord,Arena Paris Nord (NPA) - PFR-navettes
"48.8654203960044, 2.64332943856566","{""coordinates"": [2.64332943856566, 48.8654203960044], ""type"": ""Point""}",Stade Nautique de Vaires-sur-M.,Stade Nautique de Vaires-sur-Marne (VNS) - PMR-Parking
"48.8412413891015, 2.31800292336264","{""coordinates"": [2.31800292336264, 48.8412413891015], ""type"": ""Point""}",Montparnasse Pt grp 1 voie 24,PARIS MONTPARNASSE Point groupe n°1 au milieu de la voie 24 PFR-navettes
"48.8895111437959, 2.38973982818098","{""coordinates"": [2.38973982818098, 48.8895111437959], ""type"": ""Point""}",Club France - La Villette,Club France - La Villette PFR-navettes
"48.8967513342412, 2.22834964619182","{""coordinates"": [2.22834964619182, 48.8967513342412], ""type"": ""Point""}",Paris La Defense Arena,Paris La Défense Arena (DEF) - SPS
"48.8650342100177, 2.31455945183906","{""coordinates"": [2.31455945183906, 48.8650342100177], ""type"": ""Point""}",La Concorde,Grand Palais-Pont Alexandre III (GRX) GRP ALX - P7LZ
"48.9262171060074, 2.36673354075313","{""coordinates"": [2.36673354075313, 48.9262171060074], ""type"": ""Point""}",Stade de France,Stade de France (STA) - PFR-navettes
"48.8991376740722, 2.36624549594075","{""coordinates"": [2.36624549594075, 48.8991376740722], ""type"": ""Point""}",Arena Porte de La Chapelle,Arena Porte de La Chapelle (CPL) - PFR-PARKING
"43.2697467033148, 5.40019101970527","{""coordinates"": [5.40019101970527, 43.2697467033148], ""type"": ""Point""}",Stade de Marseille,Stade de Marseille (MRS) - PFR-navettes
"48.7560775942653, 2.07641673614032","{""coordinates"": [2.07641673614032, 48.7560775942653], ""type"": ""Point""}",Le Golf National,Le Golf National (LGN) - PFR-PARKING
"48.7561646797946, 2.07374008500179","{""coordinates"": [2.07374008500179, 48.7561646797946], ""type"": ""Point""}",Le Golf National,Le Golf National (LGN) - PMR-Parking
"48.8337030982568, 2.28539994826649","{""coordinates"": [2.28539994826649, 48.8337030982568], ""type"": ""Point""}",Arena Paris Sud,Arena Paris Sud (SPA) - PMR-Parking
"48.8641270584975, 2.64042024447561","{""coordinates"": [2.64042024447561, 48.8641270584975], ""type"": ""Point""}",Stade Nautique de Vaires-sur-Marne,
"48.8387581405776, 2.38242218860645","{""coordinates"": [2.38242218860645, 48.8387581405776], ""type"": ""Point""}",GARE DE PARIS BERCY Sortie Parking,GARE DE PARIS BERCY Sortie Parking Gare PFR-navettes
"48.9254677892554, 2.35724210600621","{""coordinates"": [2.35724210600621, 48.9254677892554], ""type"": ""Point""}",Stade de France,Stade de France (STA) - SPS
"44.8967890290494, -0.566572146984805","{""coordinates"": [-0.566572146984805, 44.8967890290494], ""type"": ""Point""}",Stade de Bordeaux,Stade de Bordeaux (BOR) - TS
"45.45974568392, 4.38806830339469","{""coordinates"": [4.38806830339469, 45.45974568392], ""type"": ""Point""}",Stade Geoffroy-Guichard,Stade Geoffroy-Guichard (STE) - PFR-PARKING
"46.8118940707016, 1.7775315007474","{""coordinates"": [1.7775315007474, 46.8118940707016], ""type"": ""Point""}",Centre National de Tir de Chateauroux,Centre National de Tir de Châteauroux (CTX) - TS
"48.8471117362589, 2.24467183706432","{""coordinates"": [2.24467183706432, 48.8471117362589], ""type"": ""Point""}",Roland-G.-Parc des Princes,Stade Roland-Garros (RGA) PDP - PFR-PARKING
"48.8364065881256, 2.70943299642028","{""coordinates"": [2.70943299642028, 48.8364065881256], ""type"": ""Point""}",Stade Nautique de Vaires-sur-Marne,Stade Nautique de Vaires-sur-Marne (VNS) - TS
"48.9254869003265, 2.35266409962573","{""coordinates"": [2.35266409962573, 48.9254869003265], ""type"": ""Point""}",Centre Aquatique,Centre Aquatique (AQC) - PFR-navettes
"46.8192868830972, 1.7573732479903","{""coordinates"": [1.7573732479903, 46.8192868830972], ""type"": ""Point""}",Tir Chateauroux - Village,Centre National de Tir de Châteauroux (CTX) - PSH-DEPOSE-MIN
"48.7839482508127, 2.04114109021536","{""coordinates"": [2.04114109021536, 48.7839482508127], ""type"": ""Point""}",Velopark de St-Q.-en-Yvelines,Velopark de Saint-Quentin-en-Yvelines (VEL) - PMR-Parking
"48.8297391561497, 2.29326808612591","{""coordinates"": [2.29326808612591, 48.8297391561497], ""type"": ""Point""}",Arena Paris Sud,Arena Paris Sud (SPA) - PMR-Parking
"48.9161041863255, 2.35266252777205","{""coordinates"": [2.35266252777205, 48.9161041863255], ""type"": ""Point""}",Centre Aquatique - Stade de France,P7 LZ STA AQC
"45.4597767552143, 4.38533186157166","{""coordinates"": [4.38533186157166, 45.4597767552143], ""type"": ""Point""}",Stade Geoffroy-Guichard,
"48.8634659751057, 2.28957842809377","{""coordinates"": [2.28957842809377, 48.8634659751057], ""type"": ""Point""}",Trocadéro - Parc des champions,TRO-P7LZ
"48.8973239679372, 2.21824519019594","{""coordinates"": [2.21824519019594, 48.8973239679372], ""type"": ""Point""}",Paris La Defense Arena,Paris La Défense Arena (DEF) - P7 LZ
"48.8395816729918, 2.3780938982971","{""coordinates"": [2.3780938982971, 48.8395816729918], ""type"": ""Point""}",Arena Bercy,Arena Bercy (BCY) - SPS
"43.2612646828594, 5.3746220561777","{""coordinates"": [5.3746220561777, 43.2612646828594], ""type"": ""Point""}",Marina de Marseille,Marina de Marseille (MAM) - PFR-navettes
"43.2611774817992, 5.3746528701886","{""coordinates"": [5.3746528701886, 43.2611774817992], ""type"": ""Point""}",Marina de Marseille,Marina de Marseille (MAM) - PFR-PARKING
"48.8503683142108, 2.30102739398694","{""coordinates"": [2.30102739398694, 48.8503683142108], ""type"": ""Point""}",Eiffel Champ-de-Mars,Arena Champ-de-Mars (CDM) EIF - PFR-PARKING
"43.2697252391966, 5.40013438362157","{""coordinates"": [5.40013438362157, 43.2697252391966], ""type"": ""Point""}",Stade de Marseille,Stade de Marseille (MRS) - PSH-DEPOSE-MIN
"44.8974112009775, -0.566458920631451","{""coordinates"": [-0.566458920631451, 44.8974112009775], ""type"": ""Point""}",Stade de Bordeaux,Stade de Bordeaux (BOR) - PFR-PARKING
"48.8017711002535, 2.0862225262176","{""coordinates"": [2.0862225262176, 48.8017711002535], ""type"": ""Point""}",Chateau de Versailles,Château de Versailles (VER) - TS
"48.9400484881622, 2.40532667003701","{""coordinates"": [2.40532667003701, 48.9400484881622], ""type"": ""Point""}",La Courneuve,La Courneuve (LCS) - PFR-navettes
"48.9731269837159, 2.51548528657949","{""coordinates"": [2.51548528657949, 48.9731269837159], ""type"": ""Point""}",Arena Paris Nord,Arena Paris Nord (NPA) - PFR-navettes
"48.9403533967851, 2.40442526275168","{""coordinates"": [2.40442526275168, 48.9403533967851], ""type"": ""Point""}",La Courneuve,
"48.7903568872341, 2.03246799179278","{""coordinates"": [2.03246799179278, 48.7903568872341], ""type"": ""Point""}",Velopark de St-Q.-en-Yvelines,Velopark de Saint-Quentin-en-Yvelines (VEL) - PMR-Parking
"48.7916553329234, 1.96566345875902","{""coordinates"": [1.96566345875902, 48.7916553329234], ""type"": ""Point""}",Colline d'Elancourt,Colline d'Elancourt (ELA) - PMR-dépose-min
"48.9734629399391, 2.51578734329715","{""coordinates"": [2.51578734329715, 48.9734629399391], ""type"": ""Point""}",Arena Paris Nord,APN
"48.8650342100177, 2.31455945183906","{""coordinates"": [2.31455945183906, 48.8650342100177], ""type"": ""Point""}",La Concorde,Invalides (INV) - P7LZ
"48.8961947570977, 2.37492982645952","{""coordinates"": [2.37492982645952, 48.8961947570977], ""type"": ""Point""}",Gare de ROSA PARKS,Gare de ROSA PARKS PFR-navettes
"48.7894489687924, 2.03555909171494","{""coordinates"": [2.03555909171494, 48.7894489687924], ""type"": ""Point""}",Velopark de St-Quentin-en-Yvelines,
"48.8743706670896, 2.58458205072372","{""coordinates"": [2.58458205072372, 48.8743706670896], ""type"": ""Point""}",Stade Nautique de Vaires-sur-Marne,Stade Nautique de Vaires-sur-Marne (VNS) - TS
"44.8992447652286, -0.561801899688354","{""coordinates"": [-0.561801899688354, 44.8992447652286], ""type"": ""Point""}",Stade de Bordeaux,Stade de Bordeaux (BOR) - PFR-navettes
"48.8406530737335, 2.25527559559381","{""coordinates"": [2.25527559559381, 48.8406530737335], ""type"": ""Point""}",Parc des Princes,Parc des Princes (PDP) - PFR-PARKING
"48.8643605244508, 2.64060599276262","{""coordinates"": [2.64060599276262, 48.8643605244508], ""type"": ""Point""}",Stade de Vaires-s/M. - eaux vives,Venue_code_1 is unknown ( ) - MPCP
"48.8654203960044, 2.64332943856566","{""coordinates"": [2.64332943856566, 48.8654203960044], ""type"": ""Point""}",Stade Nautique de Vaires-sur-M.,Stade Nautique de Vaires-sur-Marne (VNS) - PFR-PARKING
"46.8151905222285, 1.75471564330765","{""coordinates"": [1.75471564330765, 46.8151905222285], ""type"": ""Point""}",Tir Chateauroux - Village,Centre National de Tir de Châteauroux (CTX) - PSH-DEPOSE-MIN
"48.8623355466853, 2.29302221633431","{""coordinates"": [2.29302221633431, 48.8623355466853], ""type"": ""Point""}",Trocadéro,Trocadero (TRO) - PFR-navettes
"47.2570393216859, -1.52667295177989","{""coordinates"": [-1.52667295177989, 47.2570393216859], ""type"": ""Point""}",Stade de la Beaujoire,Stade de la Beaujoire (NAN) - PMR-Parking
"48.9739104200429, 2.52799600412424","{""coordinates"": [2.52799600412424, 48.9739104200429], ""type"": ""Point""}",Arena Paris Nord,Arena Paris Nord (NPA) - PMR-TAXI
"48.9257521972527, 2.24785538109127","{""coordinates"": [2.24785538109127, 48.9257521972527], ""type"": ""Point""}",Stade Yves-du-Manoir,Stade Yves-du-Manoir (YDM) - PMR-Parking
"48.9261787982366, 2.33717917029976","{""coordinates"": [2.33717917029976, 48.9261787982366], ""type"": ""Point""}",Village Olympique,Village Olympique et Paralympique Entrée Principale - P7 LZ
"48.8650436202784, 2.31506013107346","{""coordinates"": [2.31506013107346, 48.8650436202784], ""type"": ""Point""}",Club Olympique,
"48.8320123072914, 2.28107855413576","{""coordinates"": [2.28107855413576, 48.8320123072914], ""type"": ""Point""}",Arena Paris Sud 1,Arena Paris Sud 1 (SP1) - SPS
"48.7561437609605, 2.07654990238979","{""coordinates"": [2.07654990238979, 48.7561437609605], ""type"": ""Point""}",Le Golf National,Le Golf National (LGN) - PFR-navettes
"48.829431950243, 2.29260811634454","{""coordinates"": [2.29260811634454, 48.829431950243], ""type"": ""Point""}",Arena Paris Sud 6,Arena Paris Sud 6 (SP6) - PFR-navettes
"48.8413870745221, 2.25523348440428","{""coordinates"": [2.25523348440428, 48.8413870745221], ""type"": ""Point""}",Parc des Princes,Parc des Princes (PDP) - PFR-navettes
"48.8949207990393, 2.22669849038671","{""coordinates"": [2.22669849038671, 48.8949207990393], ""type"": ""Point""}",Paris La Defense Arena,Paris La Défense Arena (DEF) - PFR-navettes
"48.8384185872089, 2.38163436169814","{""coordinates"": [2.38163436169814, 48.8384185872089], ""type"": ""Point""}",Arena Bercy,Arena Bercy (BCY) - PFR-navettes
"48.8697655289268, 2.31130600280779","{""coordinates"": [2.31130600280779, 48.8697655289268], ""type"": ""Point""}",Grand Palais-Pont Alexandre III,Grand Palais-Pont Alexandre III (GRX) - PFR-navettes
"47.2550910228921, -1.52368411938737","{""coordinates"": [-1.52368411938737, 47.2550910228921], ""type"": ""Point""}",Stade de la Beaujoire,Stade de la Beaujoire (NAN) - PFR-navettes
"48.8088204629303, 2.13518447763474","{""coordinates"": [2.13518447763474, 48.8088204629303], ""type"": ""Point""}",Chateau de Versailles,Château de Versailles (VER) - TS
"44.8991520182066, -0.561795137170871","{""coordinates"": [-0.561795137170871, 44.8991520182066], ""type"": ""Point""}",Stade de Bordeaux,Stade de Bordeaux (BOR) - PFR-PARKING
"48.8185691901848, 2.08491225522228","{""coordinates"": [2.08491225522228, 48.8185691901848], ""type"": ""Point""}",Chateau de Versailles,Château de Versailles (VER) - PFR-PARKING
"46.8255667956565, 1.75928022042151","{""coordinates"": [1.75928022042151, 46.8255667956565], ""type"": ""Point""}",PESI,Village Olympique Châteauroux (OVC) - PFR-PARKING
"46.7964756470548, 1.71385211466963","{""coordinates"": [1.71385211466963, 46.7964756470548], ""type"": ""Point""}",Village Olympique Chateauroux,Village Olympique Châteauroux (OVC) - PSH-DEPOSE-MIN
"48.8547788360157, 2.29570024601156","{""coordinates"": [2.29570024601156, 48.8547788360157], ""type"": ""Point""}",Stade Tour Eiffel,Stade Tour Eiffel (EIF) - PSH-DEPOSE-MIN
"48.8471117362589, 2.24467183706432","{""coordinates"": [2.24467183706432, 48.8471117362589], ""type"": ""Point""}",Roland-G.-Parc des Princes,Stade Roland-Garros (RGA) PDP - PMR-Parking
"48.8687573585702, 2.32362129000708","{""coordinates"": [2.32362129000708, 48.8687573585702], ""type"": ""Point""}",La Concorde,La Concorde (LCO) - PMR-Parking
"48.7582302998899, 2.07558346569404","{""coordinates"": [2.07558346569404, 48.7582302998899], ""type"": ""Point""}",Le Golf National,
"45.4580107873231, 4.38636182917846","{""coordinates"": [4.38636182917846, 45.4580107873231], ""type"": ""Point""}",Stade Geoffroy-Guichard,
"48.8758454908004, 2.64156582101375","{""coordinates"": [2.64156582101375, 48.8758454908004], ""type"": ""Point""}",Stade Nautique de Vaires-sur-Marne,
"48.9332331192169, 2.41607859796567","{""coordinates"": [2.41607859796567, 48.9332331192169], ""type"": ""Point""}",Site d'escalade du Bourget,
"48.8695691672167, 2.31146151016662","{""coordinates"": [2.31146151016662, 48.8695691672167], ""type"": ""Point""}",Grand Palais-Pont Alexandre III,Grand Palais-Pont Alexandre III (GRX) - PFR-PARKING
"48.9351061190621, 2.41924986433976","{""coordinates"": [2.41924986433976, 48.9351061190621], ""type"": ""Point""}",Site d'escalade du Bourget,Site d'escalade du Bourget (LBO) - PFR-PARKING
"48.9293655788884, 2.24633026991092","{""coordinates"": [2.24633026991092, 48.9293655788884], ""type"": ""Point""}",Stade Yves-du-Manoir,Stade Yves-du-Manoir (YDM) - PFR-navettes
"48.9247111299972, 2.35452597592943","{""coordinates"": [2.35452597592943, 48.9247111299972], ""type"": ""Point""}",Centre Aquatique,Centre Aquatique (AQC) - PFR-PARKING
"45.7625908410822, 4.9814452253451","{""coordinates"": [4.9814452253451, 45.7625908410822], ""type"": ""Point""}",Stade de Lyon,Stade de Lyon (LYO) - TS
"48.8688311387893, 2.32367493380262","{""coordinates"": [2.32367493380262, 48.8688311387893], ""type"": ""Point""}",La Concorde,La Concorde (LCO) - PFR-PARKING
"48.8701171071066, 2.31208256269581","{""coordinates"": [2.31208256269581, 48.8701171071066], ""type"": ""Point""}",Grand Palais-Pont Alexandre III,Grand Palais-Pont Alexandre III (GRX) - PSH-DEPOSE-MIN
"48.8368029631505, 2.38428692413708","{""coordinates"": [2.38428692413708, 48.8368029631505], ""type"": ""Point""}",Arena Bercy,Arena Bercy (BCY) - PMR-Parking
"48.9189982324289, 2.33557700972336","{""coordinates"": [2.33557700972336, 48.9189982324289], ""type"": ""Point""}",Village Olympique,Village Olympique et Paralympique - Parking OGER
"48.8633479535234, 2.2948970694377","{""coordinates"": [2.2948970694377, 48.8633479535234], ""type"": ""Point""}",Trocadéro - Parc des champions,TRO-PMR Parking
"48.8773882657266, 2.3580839936343","{""coordinates"": [2.3580839936343, 48.8773882657266], ""type"": ""Point""}",Paris Gare de l'Est rue d'Alsace,PARIS GARE DE L'EST Sortie rue d'Alsace PFR-navettes
"45.459854990764, 4.38807386127133","{""coordinates"": [4.38807386127133, 45.459854990764], ""type"": ""Point""}",Stade Geoffroy-Guichard,Stade Geoffroy-Guichard (STE) - PFR-navettes
"48.8989945611212, 2.36558882297646","{""coordinates"": [2.36558882297646, 48.8989945611212], ""type"": ""Point""}",Arena Porte de La Chapelle,Arena Porte de La Chapelle (CPL) - PFR-navettes
"48.9403051460581, 2.4047415653143","{""coordinates"": [2.4047415653143, 48.9403051460581], ""type"": ""Point""}",La Courneuve,La Courneuve (lcs) - PFR-PARKING
"48.7562073669606, 2.07347467595449","{""coordinates"": [2.07347467595449, 48.7562073669606], ""type"": ""Point""}",Le Golf National,Le Golf National (LGN) - PMR-dépose-min
"46.8122005380339, 1.77802460996978","{""coordinates"": [1.77802460996978, 46.8122005380339], ""type"": ""Point""}",Centre National de Tir de Chateauroux,
"43.2589294282776, 5.37573100127344","{""coordinates"": [5.37573100127344, 43.2589294282776], ""type"": ""Point""}",Marina de Marseille,MAM
"48.8509566651843, 2.24941885390838","{""coordinates"": [2.24941885390838, 48.8509566651843], ""type"": ""Point""}",Stade Roland-Garros,
"48.8799173915825, 2.28300997061718","{""coordinates"": [2.28300997061718, 48.8799173915825], ""type"": ""Point""}",Hotel Hyatt Regency Paris Etoile,
"48.8555901664219, 2.30216541681956","{""coordinates"": [2.30216541681956, 48.8555901664219], ""type"": ""Point""}",Eiffel Champ-de-Mars,Eiffel Champ-de-Mars (ECM) CDM EIF - SPS